{
    "T_No": 30,
    "F_No": 4,
    "FT_No": 2,
    "MP_No": 4,
    "CT_No": 2,
    "L_No": 9,
    "fty": [0,0,1,1],
    "cty": [0,1,1,1], 
    "fpr": [110, 120, 150, 16.66], 
    "fy": [0.0000975, 0.00012, 0.0009, 0.00011], 
    "rsc": 0.000789, 
    "roc": 0.003, 
    "el": [25,25,25,25],
    "tau": [2,1,1,2,0,1,0,2,1],
    "i_0": [[10,10,10,10,10,10,10,10,10],[15,15,15,15,15,15,15,15,15],[20,20,20,20,20,20,20,20,20],[10,10,10,10,10,10,10,10,10]],
    "i_0_ft": [[10,10,10,10,10,10,10,10,10,15,15,15,20,20,20,15,15,15,15,15,15,20,20,20,20,20,20,20,20,20], [10,10,10,10,10,20,20,20,10,10,10,10,15,15,15,15,15,15,15,15,15,20,20,20,20,20,20,20,20,20],[10,10,10,10,10,20,20,20,10,10,10,10,15,15,15,15,15,15,15,15,15,20,20,20,20,20,20,20,20,20], [10,10,10,10,10,10,10,10,10,15,15,15,15,15,15,15,15,15,20,20,20,20,20,20,20,20,20,20,20,20]],
    "tl_min": 3.5,
    "tl_max": 8,
    "r0": 200,
    "r_max": 2000,
    "dmax": [40,15,40,40],
    "cmin": [1, 1, 1, 1],
    "cmax": [429,218,61,500],
    "alpha": [0,2,0,0],
    "ost": [0, 0, 0, 0],
    "wp": [[0, 0, 0, 0, 0, 0, 0, 0, 0, 0, 0, 0, 0, 0, 0, 0, 0, 0, 0, 0, 0, 0, 0, 0, 0, 0, 0, 0, 0, 0], [0, 0, 0, 0, 0, 0, 0, 0, 0, 0, 0, 0, 0, 0, 0, 0, 0, 0, 0, 0, 0, 0, 0, 0, 0, 0, 0, 0, 0, 0], [0, 0, 0, 0, 0, 0, 0, 0, 0, 0, 0, 0, 0, 0, 0, 0, 0, 0, 0, 0, 0, 0, 0, 0, 0, 0, 0, 0, 0, 0],[0, 0, 0, 0, 0, 0, 0, 0, 0, 0, 0, 0, 0, 0, 0, 0, 0, 0, 0, 0, 0, 0, 0, 0, 0, 0, 0, 0, 0, 0]],
    "el_min": [0,0,0,0],
    "el_max": [0,120,0,0],
    "is": [1, 1, 1, 1],
    "omega_fw": [40, 40, 5, 10],
    "omega_dc": [100, 100, 7, 14],
    "rr": [0.0001, 0.00375, 0, 0],
    "r": [0.0005658, 0.012, 0.003, 0.01],
    "re": [0, 0.005, 0, 0],
    "imax": [[12,10], [68, 114], [16, 35], [16,40],[9, 27],[31,54],[20, 81],[20,58],[58,195]],
    "zmax": [1,3,3,3],
    "sc": [0,110,150,16.66],
    "beta": [0.1,0,0,0],
    "sigma": [1,0,0,4],
    "iwip0": [0, 0, 0, 0],
    "tc": [[0.000015641,0.000013034], [0.00004956, 0.0000413], [0.000010332,0.0000861],[0.000014818, 0.000012348], [0.00000067, 0.000056],[0.000014364, 0.00001197], [0.00004032, 0.0000336], [0.000021638,0.000018032],[0.00009021,0.00007518]], 
    "sco": 0.0002,
    "ls_f": [1, 1, 1, 1],
    "ls_p": [1, 1, 1, 1],
    "K": 9,
    "epsilon": 0.001,
    "N": 10000,
    "demand_supply": [[6400, 8000, 12000],[600, 1000, 1200],[2800, 4000, 8000],[300, 500, 600],[862.5, 1725, 3450]],
    "probabilies": [[0.4, 0.35, 0.25], [0.25, 0.35, 0.4], [0.4, 0.3, 0.3], [0.3, 0.4, 0.3], [0.5, 0.15, 0.35]]
}
